customer_id;customer_name;country;segment;signup_date
1;Alice Maes;Belgium;Consumer;2022-10-07
2;Eva Wagner;Luxembourg;SMB;2023-01-23
3;Eva Bernard;France;Consumer;2024-03-07
4;Hugo Simon;Belgium;Consumer;2025-04-12
5;Nora Leroy;Germany;SMB;2024-06-07
6;Eva Schmidt;France;Consumer;2023-05-02
7;Hugo Schmidt;Belgium;Corporate;2023-07-26
8;Eva Martin;Belgium;Consumer;2025-07-08
9;Liam Dubois;Germany;SMB;2024-02-19
10;Hugo Lambert;Germany;SMB;2023-03-26
11;Noah Dubois;Belgium;SMB;2022-05-07
12;Alice Janssens;France;Consumer;2025-08-06
13;Emma Bernard;Germany;Consumer;2023-09-17
14;Alice Wagner;Belgium;Consumer;2025-09-05
15;Lucas Peeters;Belgium;Corporate;2025-09-08
16;Mila Muller;Germany;Corporate;2023-01-04
17;Eva Leclerc;Germany;Consumer;2023-09-22
18;Mila Jacobs;Belgium;Consumer;2024-09-12
19;Noah Maes;BELGIUM;Consumer;2024-03-21
20;Sophie Leclerc;Luxembourg;SMB;2024-07-17
21;Hugo Janssens;Germany;SMB;2024-03-28
22;Gabriel Lambert;Belgium;Consumer;2022-09-09
23;Mila Wagner;Belgium;Consumer;2022-07-22
24;Eva Janssens;France;Corporate;2025-10-17
25;Nora Wagner;BELGIUM;Consumer;2024-04-07
26;Hugo Bernard;Netherlands;SMB;2022-04-01
27;Lucas Simon;France;Corporate;2023-11-18
28;Arthur Bernard;France;Consumer;2025-08-28
29;Liam Maes;France;Consumer;2023-09-07
30;Sophie Jacobs;Luxembourg;Consumer;2023-02-28
31;Arthur Wagner;Belgium;Consumer;2024-07-30
32;Gabriel Simon;Germany;SMB;2023-03-25
33;Lucas Michel;Netherlands;Consumer;2022-11-19
34;Arthur Peeters;France;SMB;2023-10-07
35;Eva Muller;Belgium;Consumer;2025-08-27
36;Lina Muller;FR;Corporate;2022-09-10
37;Emma Schmidt;Belgium;Corporate;2023-09-02
38;Lucas Leclerc;Netherlands;Corporate;2022-11-09
39;Lina Bernard;France;SMB;2023-03-19
40;Hugo Peeters;Germany;Consumer;2024-10-28
41;Gabriel Martin;Belgium;Consumer;2025-08-04
42;Lucas Maes;Belgium;Consumer;2024-11-11
43;Noah Simon;FR;Consumer;2025-05-09
44;Victor Leclerc;Belgium;Corporate;2023-12-01
45;Arthur Michel;Belgium;Consumer;2022-01-20
46;Sophie Simon;Belgium;Consumer;2023-02-20
47;Arthur Leclerc;Germany;Consumer;2024-03-24
48;Sophie Simon;Luxembourg;SMB;2025-03-02
49;Emma Leroy;Belgium;Consumer;2025-07-22
50;Emma Bernard;Belgium;SMB;2023-03-16
51;Victor Michel;Belgium;Consumer;2025-07-18
52;Emma Wagner;France;Consumer;2024-10-09
53;Emma Martin;France;SMB;2025-09-14
54;Gabriel Maes;Netherlands;Consumer;2024-06-07
55;;Belgium;SMB;2022-06-02
56;Mila Muller;Luxembourg;Consumer;2024-12-07
57;Nora Leclerc;Luxembourg;Consumer;2024-04-24
58;Lina Lambert;Belgium;SMB;2025-09-09
59;Jules Bernard;France;Consumer;2022-12-13
60;Jules Maes;Germany;Consumer;2025-05-19
61;Lucas Peeters;France;SMB;2022-07-24
62;Lina Janssens;Belgium;Corporate;2024-04-17
63;Emma Leroy;Belgium;Consumer;2022-08-04
64;Alice Martin;belgium;Consumer;2025-03-09
65;Sophie Bernard;France;Consumer;2024-08-11
66;Victor Bernard;Belgium;Corporate;2025-01-14
67;Jules Bernard;Belgium;Consumer;2022-09-12
68;Louis Leroy;Belgium;Consumer;2023-01-31
69;Sophie Jacobs;Belgium;Consumer;2024-01-04
70;Lucas Martin;Luxembourg;Corporate;2024-08-23
71;Lucas Maes;Luxembourg;Corporate;2025-06-17
72;Nora Leclerc;Luxembourg;SMB;2024-05-12
73;Eva Maes;belgium;Consumer;2024-01-21
74;Jules Lambert;Luxembourg;Consumer;2024-08-18
75;Louis Martin;Belgium;Consumer;2022-07-15
76;Nora Muller;France;Consumer;2023-12-09
77;Louise Lambert;Belgium;SMB;2023-06-16
78;Eva Michel;Belgium;Corporate;2025-04-10
79;Mila Lambert;Belgium;SMB;2024-01-20
80;Noah Maes;Germany;Consumer;2024-12-08
81;Louis Janssens;Belgium;Consumer;2024-10-25
82;Arthur Maes;Germany;Consumer;2025-08-26
83;Louis Wagner;Belgium;Consumer;2024-10-13
84;Gabriel Janssens;Netherlands;Corporate;2022-08-26
85;Eva Lambert;France;SMB;2024-12-31
86;Lucas Muller;Netherlands;SMB;2022-03-12
87;Lucas Janssens;France;SMB;2022-08-28
88;Mila Lambert;France;Consumer;2024-10-15
89;Gabriel Bernard;Luxembourg;SMB;2023-11-21
90;Jules Dubois;Netherlands;Consumer;2024-10-06
91;Lucas Simon;Germany;SMB;2023-08-10
92;Gabriel Peeters;Germany;Corporate;2025-02-17
93;Gabriel Leclerc;Belgium;Consumer;2023-05-25
94;Victor Janssens;Belgium;Corporate;2024-02-17
95;Hugo Dubois;France;SMB;2024-10-18
96;Louise Leclerc;Netherlands;Consumer;2022-07-15
97;Louise Martin;Netherlands;Corporate;2024-10-01
98;Anna Maes;Belgium;SMB;2022-06-21
99;Emma Martin;France;Consumer;2024-08-18
100;Gabriel Maes;France;Consumer;2025-09-17
101;Mila Martin;France;Corporate;2023-02-27
102;Arthur Dubois;Luxembourg;Corporate;2022-03-03
103;Jules Leclerc;Belgium;Consumer;2025-03-17
104;Sophie Wagner;Netherlands;SMB;2024-05-22
105;Lucas Maes;Netherlands;Consumer;2022-02-10
106;Jules Leclerc;Belgium;Consumer;2022-01-21
107;Lina Jacobs;Germany;Consumer;2022-02-20
108;Eva Wagner;Belgium;SMB;2025-09-10
109;Anna Muller;luxembourg;SMB;2022-03-22
110;Emma Leclerc;Netherlands;SMB;2025-02-21
111;Jules Lambert;Belgium;Consumer;2022-10-10
112;Arthur Leclerc;France;;2022-05-01
113;Jules Maes;Belgium;Consumer;2024-10-25
114;Lucas Simon;Belgium;Corporate;2024-11-15
115;Louis Dubois;Belgium;Consumer;2024-05-12
116;Mila Simon;Netherlands;Consumer;2023-06-04
117;Lucas Peeters;Belgium ;Consumer;2025-10-04
118;Anna Wagner;Luxembourg;SMB;2023-09-18
119;Emma Leroy;Netherlands;SMB;2023-02-26
120;Anna Wagner;Germany;Corporate;2022-08-10
121;Emma Simon;France;Consumer;2023-07-20
122;Victor Janssens;Belgium;Consumer;2022-05-11
123;Liam Leclerc;France;SMB;2024-05-05
124;Emma Lambert;France;Consumer;2025-08-21
125;Nora Jacobs;Belgium;Consumer;2022-02-20
126;Emma Muller;France;;2023-05-07
127;Nora Leroy;Germany;SMB;2024-06-26
128;Anna Leclerc;Belgium;Consumer;2022-10-03
129;Hugo Bernard;Germany;Consumer;2023-05-20
130;Nora Jacobs;Germany;Corporate;2025-04-05
131;Arthur Schmidt;France;Consumer;2025-01-24
132;Louise Bernard;Luxembourg;Consumer;2022-03-20
133;Lucas Maes;luxembourg;Consumer;2022-03-19
134;Mila Janssens;Belgium;Consumer;2022-04-04
135;Gabriel Lambert;Belgium;Corporate;2025-03-04
136;Alice Janssens;Belgium;SMB;2024-07-24
137;Emma Bernard;Belgium;Corporate;2025-09-03
138;Hugo Schmidt;Germany;SMB;2022-07-21
139;Alice Jacobs;France;Consumer;2024-06-16
140;Gabriel Bernard;Belgium;Consumer;2024-09-23
141;Emma Jacobs;Luxembourg;SMB;2025-10-16
142;Eva Michel;Luxembourg;Consumer;2023-12-06
143;Mila Schmidt;France;;2022-04-23
144;Mila Bernard;France;Consumer;2023-03-05
145;Noah Michel;Netherlands;Consumer;2022-03-04
146;Noah Bernard;Belgium;SMB;2024-10-09
147;Mila Schmidt;Belgium;SMB;2022-12-08
148;Nora Wagner;Germany;SMB;2025-01-17
149;Gabriel Simon;Belgium;Consumer;2023-05-29
150;Lina Maes;Belgium;Consumer;2024-01-14
151;Gabriel Peeters;Luxembourg;Corporate;2023-12-08
152;Emma Maes;France;Consumer;2024-03-27
153;Mila Bernard;France;Consumer;2022-05-27
154;Louis Wagner;Netherlands;Consumer;2022-01-12
155;Louise Muller;belgium;Corporate;2022-02-04
156;Hugo Schmidt;France;SMB;2024-03-04
157;Sophie Janssens;Belgium;SMB;2024-09-11
158;Eva Wagner;Netherlands;Consumer;2025-10-10
159;Gabriel Bernard;Netherlands;Corporate;2024-10-05
160;Mila Jacobs;Luxembourg;Consumer;2023-12-11
161;Gabriel Wagner;France;SMB;2024-02-14
162;Lucas Michel;NL;Consumer;2025-02-24
163;Gabriel Wagner;Germany;Consumer;2023-05-01
164;Arthur Leclerc;Belgium;Consumer;2025-05-10
165;Victor Schmidt;France;Consumer;2025-10-01
166;Louis Dubois;Luxembourg;SMB;2024-01-27
167;Eva Lambert;Netherlands;Consumer;2025-02-25
168;Victor Martin;Belgium;Consumer;2025-07-28
169;Alice Wagner;Germany;Corporate;2024-12-19
170;Hugo Maes;Germany;Consumer;2025-06-24
171;Anna Muller;Germany;Consumer;2025-04-16
172;Anna Simon;France;Consumer;2024-11-29
173;Hugo Wagner;Netherlands;Consumer;2024-07-29
174;Arthur Peeters;Luxembourg;Corporate;2025-06-17
175;Liam Lambert;France;;2023-07-10
176;Jules Janssens;Netherlands;Consumer;2024-08-03
177;Louise Lambert;Germany;Corporate;2025-02-04
178;Gabriel Lambert;Belgium;;2022-06-17
179;Nora Maes;Netherlands;SMB;2024-09-08
180;Mila Jacobs;France;Consumer;2023-04-27
181;Emma Dubois;Belgium;Consumer;2022-04-05
182;Liam Lambert;Belgium;SMB;2025-05-18
183;Louise Jacobs;France;SMB;2025-09-04
184;Victor Schmidt;France;Corporate;2023-06-25
185;Anna Jacobs;Belgium;Consumer;2025-06-26
186;Noah Leroy;Germany;SMB;2022-02-05
187;Liam Schmidt;Belgium;Consumer;2023-03-28
188;Sophie Schmidt;Luxembourg;SMB;2022-12-17
189;Eva Wagner;Luxembourg;Consumer;2023-09-06
190;Nora Simon;Netherlands;SMB;2024-07-29
191;Lina Bernard;Luxembourg;SMB;2022-09-17
192;Hugo Wagner;Belgium;Corporate;2024-12-27
193;Arthur Janssens;France;Corporate;2022-02-20
194;Liam Martin;Belgium;Consumer;2024-03-11
195;Lucas Muller;France;Consumer;2023-12-24
196;Jules Dubois;Belgium;Consumer;2024-12-24
197;Lucas Lambert;Germany;Consumer;2022-10-17
198;Anna Lambert;france;Consumer;2023-02-10
199;Emma Janssens;Luxembourg;Consumer;2022-01-02
200;Sophie Schmidt;France;Consumer;2024-02-11
201;Eva Bernard;Luxembourg;Consumer;2022-12-31
202;Lina Bernard;Belgium;SMB;2023-04-12
203;Anna Muller;Belgium;Consumer;2025-07-26
204;Jules Simon;France;Consumer;2024-04-25
205;Sophie Martin;Belgium;Consumer;2025-07-10
206;Eva Martin;Belgium;Consumer;2024-09-15
207;Louis Dubois;Belgium;SMB;2024-03-07
208;Mila Martin;Luxembourg ;Corporate;2024-01-17
209;Louis Jacobs;Belgium;Corporate;2024-12-18
210;Anna Jacobs;Belgium;Consumer;2025-09-17
211;Nora Dubois;NL;SMB;2023-05-22
212;Arthur Leclerc;Belgium;SMB;2023-02-20
213;Noah Wagner;France;Consumer;2023-03-21
214;Gabriel Peeters;Belgium;Consumer;2024-09-09
215;Emma Maes;DE;SMB;2024-09-18
216;Emma Jacobs;BE;SMB;2022-11-27
217;Emma Simon;Belgium;Consumer;2024-08-28
218;Emma Michel;France;Consumer;2025-07-17
219;Sophie Leroy;Netherlands;Consumer;2024-03-29
220;Lucas Jacobs;Netherlands;Consumer;2022-08-20
221;Louis Simon;Belgium;SMB;2022-03-12
222;Louise Wagner;Belgium;SMB;2022-09-23
223;Sophie Janssens;France;Corporate;2022-11-20
224;Louis Wagner;Belgium;SMB;2024-01-06
225;Hugo Bernard;Germany;SMB;2024-10-13
226;Alice Michel;Germany;Consumer;2025-07-17
227;Arthur Martin;Belgium;Consumer;2025-01-19
228;Lina Dubois;France;Corporate;2024-07-09
229;Hugo Bernard;Germany;Corporate;2022-07-29
230;Alice Janssens;Belgium;Corporate;2025-10-08
231;Lina Peeters;Belgium ;SMB;2023-10-20
232;Louis Peeters;Luxembourg;Consumer;2022-05-05
233;Gabriel Leroy;Germany;SMB;2025-01-01
234;Eva Jacobs;Belgium;Corporate;2025-04-20
235;Eva Martin;Belgium;SMB;2022-10-14
236;Noah Michel;Belgium;Consumer;2025-01-31
237;Alice Wagner;Netherlands;Consumer;2023-07-07
238;Nora Leroy;France;Consumer;2022-01-15
239;Nora Bernard;Netherlands;Consumer;2023-10-17
240;Louise Peeters;Belgium;Consumer;2023-04-11
241;Emma Martin;Germany;Corporate;2023-04-21
242;Noah Dubois;Belgium;SMB;2024-03-28
243;Jules Bernard;Belgium;Consumer;2022-10-10
244;Lucas Bernard;France;Consumer;2022-06-29
245;Sophie Dubois;France;SMB;2025-09-05
246;Jules Dubois;France;Consumer;2022-07-09
247;Liam Schmidt;Germany;Corporate;2025-05-12
248;Louis Michel;Netherlands;Corporate;2024-04-04
249;Lucas Michel;Belgium;SMB;2023-03-03
250;Eva Maes;Belgium;SMB;2023-07-18
251;Arthur Dubois;Belgium;Consumer;2022-12-21
252;Louise Leroy;Luxembourg;SMB;2024-11-01
253;Liam Maes;Belgium;SMB;2023-07-21
254;Sophie Muller;Germany;Corporate;2023-07-26
255;Emma Simon;Netherlands;Consumer;2022-05-21
256;Louis Janssens;Luxembourg;Consumer;2022-03-28
257;Mila Jacobs;BELGIUM;Corporate;2024-09-21
258;Gabriel Peeters;Luxembourg;Consumer;2024-10-04
259;Anna Schmidt;Belgium;Corporate;2022-08-14
260;Sophie Leclerc;Netherlands;Consumer;2023-01-31
261;Mila Peeters;France;Consumer;2024-01-22
262;Louise Dubois;Belgium;Corporate;2022-05-06
263;Mila Janssens;Netherlands;SMB;2022-08-18
264;;Belgium;Consumer;2023-06-17
265;Emma Martin;Netherlands;SMB;2023-03-27
266;Victor Lambert;France;Consumer;2024-07-13
267;Noah Janssens;netherlands;SMB;2025-02-19
268;Jules Janssens;France;Corporate;2024-08-12
269;Louise Jacobs;Belgium;SMB;2023-04-25
270;Sophie Leclerc;Germany;SMB;2025-03-04
271;Noah Bernard;Netherlands;SMB;2023-09-06
272;Arthur Michel;BELGIUM;Consumer;2025-05-14
273;Lucas Leclerc;France;Consumer;2022-06-30
274;Mila Peeters;Germany;Corporate;2024-06-25
275;Liam Simon;Germany;SMB;2023-10-08
276;Lucas Bernard;France;Corporate;2024-01-06
277;Louise Dubois;Belgium;SMB;2024-08-07
278;Victor Lambert;Belgium;Corporate;2024-11-10
279;Gabriel Lambert;Netherlands;SMB;2024-01-14
280;Louise Michel;Belgium;Consumer;2024-10-25
281;Gabriel Jacobs;France;SMB;2024-02-26
282;Gabriel Jacobs;France;Consumer;2022-09-23
283;Louis Simon;Belgium;Consumer;2023-07-26
284;Eva Dubois;Belgium;SMB;2022-07-03
285;Louis Schmidt;Germany;Consumer;2022-01-28
286;Emma Leclerc;BE;Corporate;2024-11-17
287;Anna Janssens;Germany;Consumer;2022-07-01
288;Liam Schmidt;Belgium;SMB;2025-07-04
289;Lina Michel;Belgium;SMB;2024-01-29
290;Nora Wagner;netherlands;Consumer;2023-03-07
291;Louis Simon;Belgium;Consumer;2025-09-28
292;Arthur Martin;DE;Consumer;2024-09-08
293;Jules Peeters;france;Corporate;2023-09-14
294;Liam Schmidt;Luxembourg;Consumer;2024-09-13
295;Mila Maes;Germany;Consumer;2023-04-13
296;Victor Jacobs;Netherlands;SMB;2025-08-03
297;Victor Michel;Germany;SMB;2024-12-06
298;Louis Lambert;France;Consumer;2024-04-28
299;Louis Schmidt;Belgium;SMB;2022-12-27
300;Liam Muller;France;SMB;2023-02-11
301;Jules Peeters;Belgium;Consumer;2022-01-11
302;Emma Maes;Luxembourg;Consumer;2024-09-06
303;Gabriel Dubois;Belgium;Corporate;2023-07-01
304;Victor Janssens;Belgium;Consumer;2023-07-16
305;Louis Schmidt;Netherlands;Consumer;2025-10-05
306;Nora Leclerc;Belgium;Consumer;2023-10-29
307;Jules Lambert;Germany;SMB;2022-06-06
308;Emma Lambert;Belgium;SMB;2022-12-08
309;Arthur Leclerc;Germany;Corporate;2024-07-02
310;Sophie Bernard;Netherlands;Consumer;2024-08-14
311;Gabriel Schmidt;Netherlands;Consumer;2023-03-22
312;Noah Martin;France;SMB;2024-12-04
313;Louise Simon;Luxembourg;SMB;2025-03-10
314;Hugo Schmidt;France;SMB;2024-09-27
315;Eva Muller;France;Consumer;2025-06-04
316;Lina Dubois;Luxembourg;Consumer;2023-03-08
317;Arthur Bernard;Belgium;Consumer;2022-03-15
318;Jules Leclerc;France;Consumer;2023-04-19
319;Louis Peeters;Luxembourg;Consumer;2022-08-24
320;Anna Maes;Luxembourg;Consumer;2023-09-29
321;Eva Lambert;BELGIUM;SMB;2023-07-07
322;Liam Leclerc;Belgium;Consumer;2024-01-25
323;Gabriel Schmidt;France;Consumer;2023-05-31
324;Louis Leclerc;Belgium;Consumer;2024-11-29
325;Lucas Janssens;Belgium;SMB;2022-09-03
326;Alice Michel;france;Consumer;2025-10-14
327;Louis Jacobs;France;Corporate;2023-07-05
328;Victor Jacobs;Netherlands;Consumer;2024-05-14
329;Noah Michel;DE;SMB;2023-02-09
330;Gabriel Leroy;France;SMB;2023-06-04
331;Alice Bernard;Belgium;SMB;2022-03-11
332;Louis Muller;France;Consumer;2022-12-29
333;Gabriel Peeters;Luxembourg;Consumer;2024-02-25
334;Emma Bernard;Belgium;Consumer;2023-09-23
335;Nora Maes;Germany;Consumer;2022-04-03
336;Nora Jacobs;Belgium;SMB;2024-12-25
337;Noah Dubois;Netherlands;Consumer;2023-10-20
338;Mila Martin;Netherlands;Consumer;2023-10-26
339;Nora Schmidt;Belgium;Consumer;2024-08-09
340;Hugo Muller;Belgium;Consumer;2024-01-01
341;Noah Wagner;Belgium;Consumer;2025-04-19
342;Anna Martin;Belgium;Consumer;2023-04-25
343;Anna Lambert;France;Corporate;2022-10-15
344;Alice Dubois;Netherlands;Consumer;2022-03-13
345;Emma Lambert;France;Corporate;2022-06-20
346;Lucas Maes;Germany;Consumer;2022-07-20
347;Victor Muller;Belgium;Consumer;2023-07-16
348;Lucas Leroy;Netherlands;SMB;2025-07-18
349;Noah Schmidt;Netherlands;Consumer;2023-11-30
350;Victor Peeters;Netherlands;Consumer;2025-01-17
351;Nora Wagner;Belgium;Consumer;2023-03-26
352;Eva Maes;Belgium;SMB;2024-03-19
353;Louise Lambert;France;SMB;2023-08-28
354;Eva Jacobs;Netherlands;Consumer;2024-12-18
355;Liam Michel;France;Consumer;2024-03-06
356;Louise Leroy;Germany;Consumer;2025-09-20
357;Louise Bernard;Belgium;Consumer;2022-05-13
358;Victor Peeters;Germany;Consumer;2024-12-28
359;Nora Bernard;Germany;SMB;2022-12-27
360;Noah Leroy;Netherlands;SMB;2025-10-21
361;Sophie Maes;Netherlands ;;2023-07-04
362;Victor Martin;France;Consumer;2025-08-02
363;Alice Dubois;France;SMB;2022-02-07
364;Anna Bernard;Luxembourg;Consumer;2023-09-26
365;Sophie Michel;luxembourg;Corporate;2023-04-09
366;Jules Leroy;Belgium;Consumer;2024-07-29
367;Emma Janssens;Germany;Consumer;2023-11-27
368;Lucas Michel;Netherlands;Corporate;2025-04-07
369;Noah Michel;France;Consumer;2025-05-14
370;Hugo Maes;Belgium;Consumer;2022-12-09
371;Nora Simon;Netherlands;Consumer;2024-04-30
372;Emma Lambert;Belgium;Consumer;2025-05-18
373;Eva Dubois;Luxembourg;Consumer;2023-02-03
374;Lucas Martin;Luxembourg;Consumer;2023-12-11
375;Mila Leroy;Germany;SMB;2022-08-17
376;Eva Wagner;Belgium;Consumer;2024-03-24
377;Mila Jacobs;France;Consumer;2022-10-28
378;Mila Peeters;Belgium;Consumer;2023-12-18
379;Victor Muller;France;Corporate;2025-02-06
380;Nora Wagner;Belgium ;Corporate;2025-05-22
381;Louis Janssens;France;Consumer;2023-08-27
382;Louise Michel;France;Corporate;2024-07-13
383;Sophie Leroy;Germany;Corporate;2023-02-27
384;Liam Michel;Belgium;SMB;2025-06-30
385;Emma Martin;Belgium;Consumer;2025-03-14
386;Lucas Jacobs;France;SMB;2024-09-18
387;Hugo Michel;France;Corporate;2022-03-30
388;Eva Janssens;Belgium;Consumer;2022-10-05
389;Victor Simon;Belgium;SMB;2025-04-29
390;Emma Michel;Luxembourg;SMB;2023-05-22
391;Lina Jacobs;Belgium;Consumer;2025-01-19
392;Victor Jacobs;France;Corporate;2023-09-06
393;Alice Lambert;France;Consumer;2023-10-01
394;Noah Peeters;Belgium;Consumer;2024-10-10
395;Lucas Simon;Germany;Corporate;2023-09-17
396;Lucas Martin;France;Consumer;2025-04-19
397;Noah Maes;Netherlands;Consumer;2022-11-03
398;Jules Michel;Netherlands;Consumer;2024-02-28
399;Sophie Jacobs;Belgium;Consumer;2022-03-30
400;Louise Jacobs;France;;2024-07-13
401;Louis Bernard;Belgium;SMB;2025-01-25
402;Louis Michel;Luxembourg;Consumer;2022-06-07
403;Lucas Lambert;Belgium;Corporate;2023-09-05
404;Liam Leclerc;Belgium;Consumer;2023-08-16
405;Noah Janssens;Belgium;SMB;2024-07-03
406;Eva Muller;France;SMB;2025-06-17
407;Noah Leclerc;Netherlands;Consumer;2022-09-21
408;Arthur Bernard;france;Consumer;2025-08-04
409;Hugo Dubois;Netherlands;Consumer;2023-11-12
410;Victor Dubois;France;SMB;2022-12-03
411;Anna Wagner;Germany ;Corporate;2022-03-13
412;Mila Jacobs;France;Consumer;2024-10-01
413;Lucas Simon;Luxembourg;SMB;2024-06-26
414;Mila Wagner;France;Corporate;2024-12-14
415;Louis Lambert;Belgium;SMB;2024-07-16
416;Alice Peeters;Netherlands;Consumer;2024-05-30
417;Eva Martin;France;Consumer;2024-10-28
418;Nora Leclerc;Belgium ;Consumer;2023-06-26
419;Noah Dubois;Germany;Corporate;2024-11-12
420;Nora Dubois;Belgium;Corporate;2025-01-28
421;Emma Peeters;Belgium;Consumer;2023-02-12
422;Gabriel Leclerc;Netherlands;SMB;2025-03-16
423;Noah Leclerc;Belgium;Consumer;2023-11-01
424;Anna Schmidt;Belgium;Consumer;2024-09-16
425;Arthur Janssens;Germany;Consumer;2022-04-08
426;Nora Leclerc;Luxembourg;SMB;2022-10-16
427;Mila Schmidt;Luxembourg;Consumer;2022-12-04
428;Anna Bernard;Belgium;Consumer;2024-10-03
429;Anna Janssens;Germany;Consumer;2023-03-16
430;Sophie Lambert;Belgium;Consumer;2025-04-19
431;Louise Leroy;Belgium;Corporate;2024-12-04
432;Louis Wagner;France;Corporate;2024-05-23
433;Victor Lambert;France;Corporate;2025-05-30
434;Louise Lambert;Luxembourg;Consumer;2024-09-21
435;Sophie Bernard;France ;Consumer;2023-11-24
436;Gabriel Leroy;France;SMB;2025-10-17
437;Lucas Janssens;Belgium;SMB;2025-01-15
438;Alice Jacobs;Netherlands;Corporate;2022-08-13
439;Liam Leclerc;France;SMB;2023-01-11
440;Hugo Peeters;Netherlands;SMB;2024-05-10
441;Liam Muller;Belgium;Consumer;2022-10-01
442;Gabriel Lambert;Netherlands;SMB;2022-01-05
443;Alice Leclerc;Belgium;SMB;2022-09-03
444;Lina Jacobs;Belgium;Consumer;2023-02-24
445;Alice Lambert;Luxembourg;Consumer;2022-11-26
446;Nora Muller;Netherlands;Consumer;2025-10-12
447;Hugo Leclerc;Belgium;SMB;2024-12-22
448;Gabriel Maes;Belgium;Consumer;2024-08-05
449;Sophie Peeters;France;Consumer;2025-10-23
450;Lina Bernard;Belgium;SMB;2024-12-10
451;Lucas Peeters;France;Consumer;2024-11-11
452;Noah Janssens;Belgium;Consumer;2023-09-02
453;Mila Bernard;Luxembourg;SMB;2024-06-18
454;Emma Lambert;Netherlands;Consumer;2022-12-07
455;Lina Michel;Belgium;SMB;2024-10-18
456;Hugo Bernard;Belgium;Consumer;2022-09-01
457;Noah Muller;France;SMB;2023-02-10
458;Arthur Maes;Netherlands;Consumer;2024-04-21
459;Anna Schmidt;Belgium;Corporate;2022-07-09
460;Lina Muller;France;SMB;2024-06-03
461;Hugo Dubois;Belgium;SMB;2022-08-15
462;Emma Muller;Luxembourg;Corporate;2024-05-09
463;Jules Dubois;Luxembourg;Consumer;2022-11-15
464;Arthur Schmidt;Luxembourg;SMB;2024-01-23
465;Gabriel Dubois;Belgium;Corporate;2024-12-29
466;Victor Lambert;Germany;Corporate;2022-09-20
467;Arthur Martin;Germany;SMB;2025-02-22
468;Hugo Dubois;Belgium;Consumer;2023-03-09
469;Arthur Bernard;France;Consumer;2024-03-26
470;Victor Jacobs;Luxembourg;Consumer;2024-12-20
471;Gabriel Muller;Germany;Consumer;2024-01-03
472;Mila Michel;Luxembourg;SMB;2025-02-13
473;Lina Peeters;Netherlands;SMB;2023-05-08
474;Lucas Michel;FR;Consumer;2024-04-16
475;Hugo Dubois;Luxembourg;SMB;2023-02-02
476;Nora Michel;France;Corporate;2024-12-27
477;Liam Muller;Germany;SMB;2023-04-17
478;Lina Maes;Germany;Consumer;2023-09-30
479;Noah Schmidt;Germany;Consumer;2024-02-28
480;Mila Peeters;Belgium;Corporate;2024-11-16
481;Sophie Lambert;France ;Consumer;2025-08-16
482;Arthur Muller;Germany;Corporate;2022-11-09
483;Gabriel Schmidt;Netherlands;Consumer;2022-10-30
484;Eva Muller;Germany;Consumer;2023-07-25
485;Sophie Lambert;Netherlands ;SMB;2024-09-21
486;Lina Bernard;Germany;Consumer;2022-06-22
487;Mila Schmidt;Germany;Corporate;2022-10-10
488;Lucas Peeters;Luxembourg;SMB;2022-06-29
489;Emma Janssens;Netherlands;Corporate;2025-06-18
490;Eva Janssens;Belgium;Consumer;2022-07-06
491;Lucas Peeters;Belgium;Corporate;2022-04-10
492;Sophie Dubois;Belgium;SMB;2024-10-25
493;Nora Martin;Germany;Corporate;2024-06-02
494;;Germany;;2023-08-04
495;Mila Janssens;Belgium;Consumer;2023-10-17
496;Eva Muller;Luxembourg;Consumer;2024-11-23
497;Anna Simon;Luxembourg;SMB;2023-04-08
498;Jules Dubois;Luxembourg;SMB;2022-10-17
499;Liam Lambert;belgium;Corporate;2024-08-22
500;Victor Leroy;Belgium;Consumer;2023-04-20
25;Nora Wagner;BELGIUM;Consumer;2024-04-07
120;Anna Wagner;Germany;Corporate;2022-08-10
303;Gabriel Dubois;Belgium;Corporate;2023-07-01
