return_id;sales_id;return_date;return_quantity;return_reason
1;128;2025-08-24;2;Damaged
2;4901;2025-11-24;1;Wrong item
3;3700;2025-11-13;1;Changed mind
4;3259;2025-02-06;2;Late delivery
5;313;2025-05-24;1;Changed mind
6;1156;2025-10-16;2;Damaged
7;237;2025-06-25;2;Changed mind
8;3919;2025-09-10;1;Changed mind
9;761;2025-12-30;1;Changed mind
10;4636;2025-09-02;1;Damaged
11;1661;2025-03-01;4;Damaged
12;4025;2025-12-02;1;Changed mind
13;3263;2025-09-03;1;Damaged
14;4879;2025-07-20;2;Changed mind
15;2982;2025-06-29;1;Wrong item
16;3073;2025-06-05;1;Changed mind
17;602;2025-07-16;1;Changed mind
18;3744;2025-10-10;2;Changed mind
19;1308;2025-09-01;1;Late delivery
20;3563;2025-10-31;2;Changed mind
21;3678;2025-03-11;4;Wrong item
22;3856;2025-02-25;4;Changed mind
23;4949;2025-05-29;1;Defective
24;4418;2025-03-17;1;Defective
25;3664;2025-11-10;3;Late delivery
26;2279;2025-07-27;2;Defective
27;3256;2025-05-22;2;Changed mind
28;2569;2025-11-16;1;Wrong item
29;2301;2025-12-04;2;Changed mind
30;3753;2026-01-07;1;Wrong item
31;3984;2025-12-08;2;Damaged
32;972;2025-08-05;2;Late delivery
33;1508;2025-08-24;1;Wrong item
34;2901;2026-01-17;1;Late delivery
35;3141;2025-12-25;1;changed mind
36;2672;2025-06-30;1;Defective
37;4945;2025-11-13;1;Changed mind
38;2638;2025-03-24;2;Wrong item
39;552;2025-09-24;2;Changed mind
40;2047;2025-09-05;1;Wrong item
41;848;2025-10-30;1;Defective
42;4062;2026-01-07;1;Late delivery
43;4579;2025-06-30;2;Wrong item
44;3439;2025-10-28;2;Changed mind
45;3597;2025-08-21;2;Changed mind
46;3140;2025-08-02;4;Defective
47;2524;2025-09-18;2;Wrong item
48;1762;2025-05-08;2;Wrong item
49;2741;2025-08-15;1;Changed mind
50;529;2025-10-25;2;Wrong item
51;3402;2025-06-18;1;Defective
52;4178;2025-05-07;3;Damaged
53;3385;2025-05-31;2;Changed mind
54;1225;2025-11-17;2;Changed mind
55;1912;2025-07-01;1;Defective
56;2693;2026-01-16;1;Changed mind
57;4369;2025-09-22;1;Changed mind
58;1315;2025-04-30;1;Late delivery
59;1407;2025-08-15;1;Defective
60;1130;2025-10-01;2;Damaged
61;4893;2025-12-15;1;Wrong item
62;201;2025-05-08;1;Wrong item
63;4006;2025-11-12;3;damaged
64;2565;2025-02-22;1;Late delivery
65;906;2025-07-26;3;Defective
66;2319;2025-07-22;1;Late delivery
67;984;2025-02-01;2;Changed mind
68;149;2025-06-26;2;Changed mind
69;2399;2025-03-13;4;Wrong item
70;641;2026-01-24;2;Changed mind
71;1124;2025-06-22;1;Defective
72;3393;2025-11-24;2;Changed mind
73;4711;2026-01-28;2;Changed mind
74;730;2025-02-03;1;Defective
75;3420;2025-02-07;1;Changed mind
76;357;2025-12-24;1;Late delivery
77;3258;2026-01-02;1;Wrong item
78;152;2025-12-11;3;Changed mind
79;1697;2025-06-30;2;Wrong item
80;3866;2025-03-12;2;Late delivery
81;734;2025-07-05;2;Wrong item
82;2825;2025-12-15;2;Changed mind
83;422;2025-08-24;1;Changed mind
84;3890;2025-02-26;1;Wrong item
85;3591;2025-05-30;1;Wrong item
86;3444;2025-11-28;1;Changed mind
87;542;2025-01-17;3;Late delivery
88;419;2025-04-05;5;Damaged
89;3581;2025-05-31;1;Late delivery
90;2707;2025-03-02;3;Changed mind
91;2232;2025-01-28;2;Late delivery
92;1976;2025-03-06;2;Defective
93;1839;2025-03-07;1;Damaged
94;3084;2025-03-05;1;Damaged
95;3295;2025-10-18;1;Defective
96;2213;2025-12-14;1;Changed mind
97;3214;2025-06-01;2;late delivery
98;846;2025-02-12;1;Damaged
99;1822;2025-03-11;1;Damaged
100;2327;2025-05-16;1;Defective
101;2436;2025-07-05;2;Late delivery
102;4741;2025-03-30;1;Damaged
103;4804;2025-09-18;1;Changed mind
104;4843;2025-08-28;1;Changed mind
105;4561;2025-11-23;2;Changed mind
106;3291;2026-01-02;1;Changed mind
107;2971;2025-11-30;2;Late delivery
108;3779;2025-07-21;3;Wrong item
109;1463;2025-11-04;2;Changed mind
110;1782;2025-12-18;1;Defective
111;1887;2026-01-22;3;Changed mind
112;4912;2025-08-04;3;changed mind
113;4779;2025-08-22;1;Changed mind
114;4167;2025-11-23;2;Damaged
115;2551;2025-02-27;1;Defective
116;3101;2025-07-29;2;Late delivery
117;3580;2025-06-21;2;Changed mind
118;3530;2025-12-08;1;Defective
119;1994;2025-12-08;1;Late delivery
120;1586;2025-01-15;1;Late delivery
121;405;2025-08-29;1;Changed mind
122;3027;2025-07-11;5;Wrong item
123;1671;2025-01-20;1;Defective
124;4539;2025-01-30;1;Wrong item
125;1992;2025-02-04;1;Damaged
126;2227;2025-09-17;5;Changed mind
127;183;2025-09-07;3;Damaged
128;2083;2025-05-13;5;Defective
129;4947;2025-06-15;3;Changed mind
130;2091;2025-02-26;4;Changed mind
131;899;2025-08-20;1;Defective
132;343;2025-02-24;2;Defective
133;6;2025-08-14;3;Changed mind
134;1418;2025-03-07;1;Changed mind
135;4971;2025-01-09;2;Changed mind
136;2905;2025-05-03;1;Changed mind
137;2860;2025-01-23;1;Wrong item
138;816;2025-09-14;2;Wrong item
139;3046;2025-11-02;2;Wrong item
140;2205;2025-02-14;1;Damaged
141;1327;2025-05-13;1;Late delivery
142;1840;2025-08-02;2;Late delivery
143;3373;2025-09-25;2;Wrong item
144;1340;2025-09-18;1;Damaged
145;153;2025-09-23;2;Damaged
146;1881;2025-09-30;1;Defective
147;1669;2025-01-30;1;Wrong item
148;619;2025-07-28;4;Wrong item
149;3935;2025-09-13;1;Defective
150;4649;2025-12-19;1;Damaged
151;289;2025-03-24;1;Wrong item
152;124;2025-12-30;1;Defective
153;1949;2025-02-19;3;Damaged
154;2855;2025-02-09;2;Changed mind
155;3604;2025-10-30;1;changed mind
156;2054;2025-02-13;1;Late delivery
157;296;2025-10-10;2;Damaged
158;2520;2025-11-01;1;Wrong item
159;4507;2025-08-03;1;Changed mind
160;2223;2025-11-16;2;Late delivery
161;2419;2025-10-30;1;Changed mind
162;4888;2025-07-08;1;Wrong item
163;3498;2025-09-16;1;Wrong item
164;1898;2025-03-13;2;Late delivery
165;2262;2025-02-02;1;Damaged
166;1022;2025-11-27;1;Late delivery
167;1939;2025-10-12;1;Changed mind
168;4832;2025-04-26;1;Wrong item
169;1645;2025-08-01;1;Changed mind
170;3188;2025-08-21;4;Defective
171;4309;2025-10-30;3;Defective
172;1278;2025-03-02;1;Changed mind
173;2720;2025-11-09;1;Defective
174;2646;2025-03-06;3;Damaged
175;1709;2025-04-14;2;Late delivery
176;1545;2025-05-13;1;Defective
177;4576;2025-07-19;1;Changed mind
178;2026;2025-06-23;1;Defective
179;4007;2025-02-17;1;Damaged
180;3802;2025-04-26;1;Damaged
181;331;2025-01-19;2;Wrong item
182;2230;2026-01-13;1;Changed mind
183;1412;2025-01-31;1;Changed mind
184;4956;2025-07-29;4;Changed mind
185;4871;2025-07-17;2;Wrong item
186;1889;2025-07-02;1;Damaged
187;2978;2025-07-27;1;Defective
188;4623;2025-12-17;1;Damaged
189;3113;2025-04-16;1;Defective
190;1654;2025-09-21;1;Damaged
191;4194;2026-01-02;2;Damaged
192;908;2025-04-29;1;Late delivery
193;613;2025-06-22;1;Defective
194;704;2025-11-19;1;Defective
195;4458;2025-12-27;1;Damaged
196;1760;2025-05-15;1;Damaged
197;142;2025-09-07;1;Late delivery
198;1621;2025-02-06;1;Defective
199;793;2025-06-24;2;Defective
200;2439;2026-01-02;1;Late delivery
201;430;2026-01-18;1;Late delivery
202;3575;2025-12-30;1;Changed mind
203;2048;2026-01-03;2;Changed mind
204;2350;2025-04-11;2;Wrong item
205;4966;2025-06-24;1;Late delivery
206;1556;2025-08-10;1;Changed mind
207;3946;2025-11-03;1;Defective
208;2942;2025-07-03;2;Changed mind
209;4497;2025-03-20;2;Damaged
210;3749;2025-12-08;1;Damaged
211;633;2025-11-09;1;Changed mind
212;4876;2025-03-29;5;Defective
213;918;2025-02-11;1;Changed mind
214;3424;2025-07-18;2;Changed mind
215;1282;2025-06-04;1;Damaged
216;3751;2025-10-05;2;Defective
217;4394;2025-04-19;1;Late delivery
218;3630;2025-09-09;3;Wrong item
219;4443;2025-08-28;1;Damaged
220;3190;2025-04-19;2;Late delivery
221;3249;2025-05-12;1;Damaged
222;2387;2025-04-01;1;Defective
223;3864;2025-04-19;1;Late delivery
224;3743;2025-11-13;1;Damaged
225;2320;2025-03-07;2;Damaged
226;3470;2025-01-31;1;Wrong item
227;1190;2025-12-01;2;Late delivery
228;1454;2025-02-08;1;Changed mind
229;2705;2025-02-17;1;Late delivery
230;1737;2025-04-19;1;Damaged
231;526;2025-12-12;3;Defective
232;3235;2025-04-27;1;Defective
233;1288;2025-03-17;1;Damaged
234;2908;2025-12-27;1;Defective
235;1482;2025-09-29;2;Defective
236;2760;2025-02-22;1;Defective
237;847;2025-06-07;1;Changed mind
238;2100;2025-05-11;1;Defective
239;1902;2025-10-20;2;Wrong item
240;125;2025-02-21;3;changed mind
241;400;2025-11-11;1;Wrong item
242;1309;2025-04-21;1;Damaged
243;2104;2025-10-01;1;Changed mind
244;4594;2025-09-01;1;Wrong item
245;3215;2025-05-26;1;Changed mind
246;2611;2025-05-12;3;Damaged
247;1906;2025-01-07;2;Wrong item
248;3382;2025-12-09;2;Damaged
249;4371;2025-06-19;1;Damaged
250;4771;2025-12-14;1;Defective
251;3358;2025-09-05;2;Wrong item
252;4432;2025-12-22;1;Wrong item
253;2217;2025-07-12;1;Defective
254;4148;2025-02-01;2;Late delivery
255;432;2026-01-02;1;Wrong item
256;3939;2025-07-13;1;Changed mind
257;1664;2025-05-14;1;Changed mind
258;4061;2025-06-02;2;Defective
259;1226;2025-11-13;5;Defective
260;1739;2025-03-31;1;Late delivery
261;1118;2025-09-01;1;Late delivery
262;1053;2025-11-25;1;Changed mind
263;4943;2025-03-19;1;Wrong item
264;2463;2025-06-04;1;Late delivery
265;4461;2025-12-07;5;Changed mind
266;2472;2025-07-17;1;Late delivery
267;2777;2025-05-28;1;Defective
268;169;2025-05-16;3;Defective
269;1;2025-06-14;4;Damaged
270;3572;2025-10-30;3;Defective
271;1568;2025-12-05;1;Changed mind
272;36;2025-08-11;1;Late delivery
273;1958;2025-02-09;1;Defective
274;2927;2025-04-05;1;Defective
275;913;2025-04-28;1;Wrong item
276;2124;2026-01-04;3;Wrong item
277;2644;2025-08-07;2;Defective
278;4091;2025-11-10;3;Wrong item
279;1849;2025-03-04;4;Wrong item
280;2106;2025-10-04;1;Wrong item
281;3976;2025-01-16;2;Late delivery
282;4915;2025-03-15;1;Wrong item
283;1959;2025-12-02;1;Defective
284;3132;2025-05-29;2;Wrong item
285;4709;2025-03-31;3;Damaged
286;1425;2025-03-25;1;defective
287;1107;2025-06-27;2;Defective
288;1831;2025-06-27;1;changed mind
289;3875;2025-12-17;1;Defective
290;2198;2025-05-11;5;Damaged
291;2;2025-10-09;1;Defective
292;567;2025-03-17;1;Wrong item
293;3985;2025-07-13;1;Damaged
294;1804;2025-04-09;1;Late delivery
295;1904;2025-02-01;1;Changed mind
296;4475;2025-10-02;2;Defective
297;245;2025-06-18;1;Damaged
298;3949;2025-10-24;1;Defective
299;2392;2025-01-28;5;Wrong item
300;3966;2025-10-14;2;Late delivery
301;4373;2025-08-23;2;Wrong item
302;3211;2025-11-11;1;Wrong item
303;4376;2025-04-02;1;Damaged
304;2950;2025-08-19;1;Defective
305;1403;2026-01-22;3;Defective
306;4972;2025-12-11;1;Changed mind
307;165;2025-12-15;1;Damaged
308;935;2025-07-01;1;Wrong item
309;1788;2025-11-08;1;Defective
310;4212;2025-04-28;1;Late delivery
12;4025;2025-12-02;1;Changed mind
89;3581;2025-05-31;1;Late delivery
